{
  "accuracy": 0.6319886765746638,
  "f1_macro": 0.6319663722771642,
  "f1_weighted": 0.6319683999405733,
  "report": {
    "0": {
      "precision": 0.6304044630404463,
      "recall": 0.6393210749646393,
      "f1-score": 0.6348314606741573,
      "support": 707.0
    },
    "1": {
      "precision": 0.6336206896551724,
      "recall": 0.6246458923512748,
      "f1-score": 0.6291012838801712,
      "support": 706.0
    },
    "accuracy": 0.6319886765746638,
    "macro avg": {
      "precision": 0.6320125763478093,
      "recall": 0.631983483657957,
      "f1-score": 0.6319663722771642,
      "support": 1413.0
    },
    "weighted avg": {
      "precision": 0.6320114382633738,
      "recall": 0.6319886765746638,
      "f1-score": 0.6319683999405733,
      "support": 1413.0
    }
  }
}